sleep_mins,sleep_qlt,steps,rhr_avg,screen_mins,water_l,stress_avg,mood_avg,caffeine_mg,diet_qlt,prod_mins,exercise_mins,wellness_tmrw
467.76341901680877,9,3219,66.79023622491331,543.6573087900317,1.1509018199298782,7,4,85.42097286682986,2,148,78,61.5362470332494
422.04497031567473,8,8041,77.21803738711353,348.7700472947657,2.8184799532310976,4,2,106.93433541728812,5,475,71,63.78149342690875
478.6335747432499,9,19444,53.90465597436983,326.91252192469034,2.9057726259734467,3,6,163.284541079411,1,226,6,78.10007565520331
541.6581496613778,5,6287,78.15109596177984,573.1170565073035,1.4967592918592882,1,9,107.72125768353148,6,213,110,65.96472567163453
415.1409570199198,7,2619,69.599046594598,259.4100162504945,1.7680524323689195,8,1,230.98059288420765,2,359,118,15.695926274064131
415.14213909965906,8,9512,50.0,489.2730619401163,2.1493687030888293,3,10,211.7299133249542,4,150,173,53.322772955983986
545.7033227165322,8,2342,80.38542166267757,319.39604627495106,4.0,2,7,25.16301171239199,6,191,62,66.90893245803171
487.2553004990094,8,11568,81.55338462839174,357.0071195188539,2.636097398071146,4,10,161.6774532459863,10,450,123,79.47419168995505
398.19784421268344,8,19378,54.76390342507863,117.40427162054807,1.4452675879932966,3,9,241.62713898476022,8,39,11,80.44555944445293
471.0643231381895,9,15231,71.4033686024009,227.69298077576747,2.4430242475924047,1,10,80.41752433864933,8,241,140,100.0
398.6339261175027,8,4490,81.10872897155346,90.37226507341896,1.0986467674895348,3,9,96.45881025651548,6,137,42,47.0199858686834
398.4674577429415,6,10310,79.84129050765716,285.71323826619823,2.774392247932937,2,10,77.75704017176358,4,344,16,40.50673089755765
449.42128355275446,7,8984,76.68848840927619,358.56035158744004,3.5404379148355885,8,3,79.43395075811955,8,179,62,50.80392671896746
294.2438223846386,8,18988,50.0,133.49428423628217,3.5438333480671664,6,5,0.0,8,199,119,58.55483991684019
307.8059160590617,7,13219,75.83634213308652,607.3768384027235,2.787914802779471,9,8,13.734803882795944,10,202,35,40.01769974779781
391.51529789465,6,1235,68.25516881300845,341.7159028637941,1.7332701153054966,8,8,126.19789749897839,1,60,7,7.503182479009038
359.0761593359215,6,11161,77.96686022974795,308.6693378377829,1.1592785947886994,10,4,241.08783797222227,4,191,68,26.709535296363708
454.6258079468597,7,2908,72.0492916674706,415.4486627018438,1.079835965304713,3,1,70.93113499853737,4,4,89,42.475040290042195
366.6222665624729,4,9567,69.84094711768908,175.6607878701117,0.0,5,1,68.57941576411535,7,377,35,22.071471620861942
330.314133503859,5,4530,75.12723079527389,324.521621875118,2.7550846104063376,7,4,256.1216856336588,7,236,27,4.496571520047172
537.5267113623519,4,6256,68.62469303142593,192.4700669463613,2.1177315838204804,5,6,31.33940305472106,8,180,117,49.752977607252305
415.74410636496947,4,9162,69.80578176086446,533.8019865133474,2.927372933162502,8,8,0.0,5,310,92,31.478036163480887
436.8620307375305,9,19944,65.5582080069699,141.20409759043778,3.3424251881878306,5,6,53.71876510900002,7,36,174,88.338981833203
329.41813059263114,4,6415,57.1567280705235,309.47481889607604,2.279924435121928,1,9,66.9772416964507,8,55,75,32.04077250975785
392.8044438341869,8,4391,74.54282779017016,349.3973677727663,2.31676928777052,5,9,0.0,9,442,100,53.79289981571341
439.98642645911036,9,12157,63.55175744263544,359.22386166115524,1.828543724402027,4,2,109.7566634980311,3,236,157,66.88864619810107
349.1284624255942,9,6951,68.39366507167412,212.81472403757516,1.9231324662620737,6,10,195.87570798892284,3,357,150,36.33321686857063
459.0502573208884,6,9007,72.29579166763146,165.67358967823532,2.782775929978347,3,1,17.123618102813907,4,348,143,63.735012426199134
388.7540143258461,4,10064,53.318258851476486,214.98072404308513,2.060499975707752,5,2,127.00625751628712,5,196,13,18.134227311865047
410.9980500148841,6,16524,55.10920877058541,379.2488151315423,1.9447938665977411,2,5,151.67485405014185,10,72,70,49.818845379558205
388.6771239194834,7,1077,67.60209138712638,278.42313436320546,2.185346512445719,6,4,113.32925797805655,1,58,179,20.466882991289502
565.3640292846435,5,8577,73.63650785839725,419.4313212678782,2.909064156849272,6,4,134.85540717928475,7,239,123,37.84453639312679
431.02819981886876,9,17984,75.95230616519329,371.550557909261,1.645870753735918,5,9,135.78618100761688,9,1,124,60.86328243610601
355.8448131151752,7,15060,57.26948403299274,0.0,2.146777185958374,6,8,54.981763446525434,8,448,36,53.608747863076815
491.22323367142957,7,18449,75.09305187530252,337.1246695255816,2.396222270222744,7,6,239.88660576094946,5,359,28,69.02672004949423
344.09925720208645,8,19520,68.03944305346931,637.5682151724405,3.1281775228681914,5,1,219.82054672609723,4,187,142,44.15939246388679
447.0381788403424,5,11535,62.93474203922818,498.79035765574963,2.0085625785604653,1,2,215.1929117792934,7,306,174,57.19517808054465
290.9037510806562,7,10510,64.81158515152504,363.30197410604535,1.6257412911586224,8,6,201.0940592435091,5,29,173,32.18880343922932
336.370604479313,7,7943,76.41485865632133,141.09118042950843,1.8125112445821157,4,2,0.0,7,266,179,52.530766739195
446.1740089825769,5,12954,72.19204628068456,371.6330574188469,3.0424459464123035,9,10,194.0849902249573,1,475,18,29.801392319457204
485.16959375966957,5,8804,70.40245218204257,410.9624909817388,3.826644238882772,10,5,172.44811420396064,1,107,105,17.650704292023413
444.3385162456779,7,7565,71.9479659104632,261.93799787586244,1.148993749051174,6,5,0.0,10,331,20,57.68230365341973
423.6733236680467,5,6984,77.42478221292954,347.51130882066565,1.3237587079441144,1,6,102.80717158799374,3,422,63,55.60556369236318
410.3205339175712,7,5670,69.22320346077342,526.4493687594061,2.064962570638284,3,6,142.14347594602307,2,89,164,31.147412938914933
325.5464166935452,7,19574,70.43455109163389,171.40883703874113,2.288764876854435,3,6,253.1453678499708,2,204,26,38.88423852763648
380.171216995581,8,10184,79.10536592110245,141.25505925613095,2.8295756524439963,10,2,177.97790863154069,7,378,54,33.09793527939484
398.8340084908953,4,3192,67.34730700589473,403.90489889913187,1.4870935931188112,4,10,50.834741817735875,10,455,28,23.33753716815172
508.1128002877619,7,2248,74.94512476224546,368.63139542971203,1.3495127706804286,6,3,255.63107667615705,2,446,147,45.435298565809106
456.74051684892925,6,12246,65.97036415461487,454.32574431192177,2.310469722506904,7,6,123.50238101711113,4,447,24,33.9503113052743
305.06110881388315,9,13790,66.67306126870572,385.46907178556546,1.9932794238342655,10,8,99.53270904775266,2,444,69,53.62272727609197
455.33404579642524,4,19381,69.16760194560291,214.83674052387096,2.9413767982172203,4,1,93.83054427289503,6,380,62,62.71806276511121
404.27407581002524,4,4687,74.12218282389412,364.82889771981075,2.589887842552307,6,1,0.0,8,437,163,35.00481388551375
383.26161597797096,4,5018,79.55345570040855,128.68101850557397,2.6443034781065755,1,2,111.21843969470861,10,219,129,50.65555316188654
476.0406927965425,8,12302,70.7723621083102,262.452193240051,2.1164149228985067,8,6,159.79882058445264,4,377,149,69.40512616586993
506.2319656197085,7,2970,58.00130470941164,375.41988464496063,4.0,7,9,89.16933379798274,5,93,15,39.313189159803855
499.0521685763663,8,9389,75.0515703482715,245.92286749141653,1.5298016147249922,9,4,153.63619817980467,4,456,145,48.187205479761616
371.57633832797006,7,18586,89.63073739316567,670.207827334474,2.6886478670038203,3,3,50.84871432686553,3,102,99,45.776560711960876
409.7367089387125,8,16374,70.8693506485388,16.172362676449943,1.1842480103415143,2,8,108.72576685779042,5,222,29,75.92576742553555
455.8509670610566,8,6788,56.329858886563365,217.87644645017838,1.3412258578084382,1,10,145.32322612869055,9,185,44,69.69530071602928
502.2392491528098,9,6408,71.35722311576681,159.33302491951343,1.7141235209876362,3,9,135.17287016507368,8,468,18,59.402962390279455
397.4994548751391,6,10446,69.97589917452929,194.94767888130698,3.503458669294421,5,5,0.0,8,183,33,40.45765563369622
418.6325536802052,8,1922,69.30312925310088,203.5502664778682,2.4111155443632155,2,9,84.87952393030172,8,161,140,63.29003897586304
352.34388187156594,9,1419,77.56327919981706,101.03689697115102,1.7276175451645,3,2,254.1970344250085,8,246,170,50.1749924825832
345.87312306619174,5,19588,81.0261982906858,412.9053222858941,2.4995490607636586,4,3,80.60431405355857,7,30,61,52.515153395433266
490.50185921238227,6,11789,75.46868596160866,217.9357053919348,2.228118305139607,7,7,121.26460352894715,8,51,117,42.63761149056865
529.6492820570993,8,2120,68.93553532263145,324.5360003382982,1.8064213046887043,3,7,113.05953995608445,8,344,99,69.96502162659756
426.81527124621596,4,12260,79.00543027495704,234.77613571346325,1.0826969153694181,9,6,245.4591807135721,8,75,21,28.560278414536448
504.2543686482258,5,18334,58.049362870286075,196.36793815706855,3.3508339876098323,8,6,223.22944977557364,10,384,179,87.66177599755548
458.0377938034297,5,3336,64.27155103412804,550.8418854130274,2.367854502968034,4,2,184.60247998550477,7,438,179,38.12588795788781
385.5513776684311,9,6373,65.16297777118616,438.43982733141115,3.9389906987745915,1,10,42.1406149301973,1,277,110,70.21489276937666
458.0204835966058,5,3243,69.75239481654452,19.769940006728284,2.952257296432704,1,6,148.7346439353664,4,39,163,60.56146204463495
542.7386327855498,6,5612,74.05387729989471,3.8793827496169797,2.641055779808834,1,4,165.43533944601054,4,100,72,63.91519744325581
429.4205251840835,8,14946,68.39429641330173,456.39132534547304,1.8518365371064265,1,3,64.11161315231566,5,110,146,69.01865374880488
544.6543432186085,8,19249,62.7517136439818,222.02199126768693,1.3237235489144668,8,2,50.35863153218489,10,384,37,75.91971477604986
243.37835250553843,4,12104,77.79880227756904,52.63764990986658,2.0258152124092423,3,1,256.4011317765624,6,320,69,0.0
491.1769803150161,9,14429,68.11634622236245,456.8602698810511,1.3005659246353356,6,5,95.93573502264569,4,248,115,70.91086038749172
438.26738891314835,4,7371,70.81703136696827,325.3686075148636,2.720152304584604,3,2,249.19814551289187,2,190,78,29.26840176443341
410.47147076645757,5,7359,74.40854196380727,337.73566272484794,3.5061219981577043,5,2,199.7675004395627,6,181,147,34.32086732170661
438.60677591055617,4,8863,70.31102086338358,421.4308908008861,1.9912701871062959,7,7,152.6301425900257,8,425,8,41.217197004107476
288.8950381487357,6,4228,70.34617355795432,103.50342625764097,2.955592777912958,2,8,156.20251490875876,8,404,31,31.929590876740736
416.18362407569913,8,15382,78.24378736348663,55.274876792375295,1.6486167438265147,6,10,7.966435173538585,7,334,131,70.33861952996101
457.71210514884575,5,19755,71.21095579656301,537.1431442354803,1.9580265294341193,6,8,136.54198238675332,6,208,49,61.13928543389032
538.4083712213892,4,3891,76.90237588632391,84.42498588865612,1.5480288123476458,3,4,233.3616330385301,2,21,81,30.461738126750472
394.68454428429743,9,4756,74.35733955454712,116.66433043866539,0.4934935719435918,6,1,174.5071602548487,7,165,4,29.82480032858202
373.7884605916905,6,16770,86.13510035349533,146.63469306813508,2.170773320065112,10,7,132.34693496515283,5,98,147,37.82363335951568
395.8734928619134,6,17478,73.27530734295304,611.9918885535783,2.3027613900782025,10,1,256.9549756653624,6,207,86,29.530470969897983
497.9089524745493,4,3674,75.10378616120619,374.0074950617284,3.05268879900931,5,4,105.19674218713568,10,7,125,39.51085482624376
455.67007989549734,8,7898,78.81325371197094,444.811196165307,2.8363506021354303,2,8,70.43554599826524,8,189,74,52.77961605067591
393.8572653287732,4,11147,70.50894207960135,329.4251318368093,2.8471623192311966,9,2,132.30655328626057,8,174,164,24.290662042612812
468.9552551841616,5,1793,64.89717522616448,209.71691831981497,1.4207710215056986,8,6,181.31738944892768,3,272,21,14.98795932198505
438.98958355305894,4,3116,66.20683535101234,394.6936924890252,2.5675978448565537,3,6,0.0,7,16,67,32.60120373562982
501.74243931836804,6,6779,66.2839445959801,66.50760438047948,3.466075172385274,8,9,142.7894914792334,1,89,43,45.832403973565086
381.4521772408307,4,13298,62.39735225442625,135.70748218552578,2.5038942805672653,9,5,184.8276012429048,1,140,33,21.38496385575678
408.40832544496067,8,15153,72.54244135361508,409.9462768892222,3.662874890451998,3,10,98.42866997625113,7,144,76,53.6152683657058
403.7682129744847,9,12111,64.96386761560733,96.411715375983,3.8151728888958907,3,4,208.55718130421133,10,165,41,76.6972708790417
326.6269237344875,7,11789,71.55882256961478,271.637779625719,1.9852253837666838,2,5,171.2949329928856,9,336,136,57.69621627473674
453.3206599486495,4,12397,68.73060445031491,278.4731483466882,1.6424482039355428,8,10,291.3106494808862,7,77,105,44.38036603914742
450.79597959695207,8,13999,69.66702805365988,220.7006994994257,1.59083026766484,10,5,59.95176819350279,10,428,94,61.28183674013417
432.3681688782572,8,1814,74.44845318263084,7.332228772671439,0.987091343917424,1,8,186.45678803968715,5,261,134,71.70078127895233
415.10972639698946,9,17729,65.66480700489161,205.6606663216961,1.7852776804675827,8,10,38.61408737620762,8,162,67,70.86099399304005
330.0933065723702,6,11541,75.11112836749419,176.25474346012717,3.1661323598049975,7,8,0.0,2,365,146,54.65772112324315
401.71353676089416,8,3443,82.53846293311162,324.2159794931548,0.43676993979900813,7,2,0.0,9,13,158,42.50787441886727
407.3245548100726,8,11457,72.74487266361407,316.5735808049203,1.370037279429003,3,7,163.06592179175414,6,238,127,60.19587855911844
374.2360366160434,8,11380,63.74323451782025,356.6942189905311,2.098294846678402,1,8,134.7398331155282,9,71,162,87.61156827568925
420.3874287600474,8,8783,65.07985590928163,198.60205905384038,1.49825183950264,4,6,81.67591541105969,2,444,84,64.49480711410483
461.09166169064673,5,12473,68.01389679371907,378.41669256988376,1.778171244607824,9,5,0.0,3,142,158,44.621736106553115
567.8053848871581,5,18368,65.24087762344347,66.59899008394753,1.7901362604621573,5,9,64.7690699089059,8,309,82,68.60768799710075
444.5696025238924,6,16328,62.070557523119604,26.714290102146894,1.9939678239506011,1,3,120.3274406140365,1,282,94,57.60447742187339
450.54362813203903,4,1827,71.23525821569353,0.0,1.6164362431122092,5,10,183.45354934344783,10,268,31,37.360412218210016
426.63989406483597,8,8147,68.23042134619361,225.10541406420037,1.5510294289155615,8,4,118.67713998018995,7,240,65,44.32349927129347
293.84847249846905,9,5451,71.51776706846447,187.00526634921636,2.947447796736985,8,9,140.1648274164222,7,414,115,38.77821149422443
430.0910009676564,4,16343,79.4910992977223,418.39734177818997,3.0397233422882763,5,6,89.90940952206913,1,244,137,43.984334037884096
436.33657511575393,9,14635,68.10917732860513,202.70061194266952,1.0955653238020726,9,8,259.93793620217235,9,162,129,72.55174297328702
600.0,4,6959,60.51663996255751,341.00645219164005,0.0,1,7,38.54002845374177,8,59,59,63.944086608151665
418.1500105357592,6,1126,66.80886006197159,421.9944864874616,3.050699879656745,4,2,64.06094261718978,4,5,16,14.12676804345904
453.7114086480201,8,9795,76.16340173693314,197.05213865263264,1.2169596651582901,3,3,80.61135408051896,10,196,95,63.550416853776156
429.5007525812225,8,12641,75.41416216573563,344.70783151607634,2.370195870767792,2,1,163.41635183813793,5,469,143,60.33161970610652
347.8551812913937,7,8196,74.14911718090853,450.28913234327916,0.9474625015774263,8,9,36.89121681704955,2,57,15,14.901798516781994
514.2832426450815,9,12559,65.00234621470317,114.27558377916492,3.238203988207738,7,7,130.8574872438399,9,304,45,71.71707062430286
486.13917835344773,4,4368,76.01522094426159,303.72785073669667,4.0,9,1,133.1928114741246,6,406,166,28.676007275337128
488.95430018709936,4,4797,77.81519262429653,197.69484252010284,2.3462455273642693,2,3,64.4513623413296,3,216,158,38.18641896271238
366.5241032547788,5,16114,64.43662696088019,123.82651762602923,2.124717881232387,4,4,146.39835687654855,7,417,106,51.288804478627306
533.0011903873992,7,14718,69.6674392196598,69.53223892646567,1.9422883398479491,6,4,39.374888101005496,9,25,87,65.92596538460916
331.0667234789558,5,2792,86.16321570945689,121.40271417319492,2.8254394490503296,3,5,30.634068603060314,3,302,128,9.710647389730864
474.2537107536195,5,12053,64.0810057882929,309.00435086280186,2.6541494007476687,8,3,127.96846052171526,2,4,138,54.16239186660285
589.7128050583184,5,4476,56.3593066460502,58.37333166573799,3.002798762842292,3,3,0.0,7,473,118,82.68714247020881
360.6813845905904,9,4417,81.06323547571839,217.39094638670446,1.697666781921534,2,1,0.0,7,19,84,46.00973527238015
391.22656346860043,9,2645,79.09283817363648,421.9791610279346,2.4720941651237163,3,7,162.62666406374404,4,389,3,40.927395792745465
439.17489828631017,6,15755,66.3442614113806,367.3516445128404,1.7660255466350434,6,10,203.91759540729362,9,197,70,42.84099547755558
395.7497529036337,6,4072,69.09606574505531,220.42385655927646,1.3538274815439566,2,1,82.65575050459766,8,58,153,58.43621022717631
320.35223296323846,5,2854,60.200519598488384,553.4535620038087,2.1671876631972293,8,2,66.55434783217837,1,447,110,22.39555933258422
436.93653418603395,7,5662,70.71161818087762,583.9554620867491,1.4619898156983344,1,4,200.44281807796477,1,241,49,38.494695202310965
355.51413261172047,4,7514,79.32730972297121,303.91836473095884,3.138981598194071,7,4,28.356942560086395,5,145,139,31.65802621122188
466.09865500573306,9,3708,65.65916126593378,0.0,1.5104636975873418,2,5,10.930190022307329,6,387,94,76.44285288405099
365.8014551351662,7,12694,77.01681583029034,432.96722955243894,2.490836752549888,10,2,176.610913896679,3,272,91,13.359614490584754
543.5952771612629,8,10524,73.70979085912346,0.0,1.7172621609922223,6,4,120.72305492098458,9,248,64,66.8173961431354
375.60576295179095,9,7456,74.62253512704912,521.42191660801,2.42165020035001,2,1,205.19013914321903,10,13,46,44.966776484588465
408.81157083319135,9,5212,66.12552655530905,462.5377351113448,1.780802741235715,2,2,0.0,6,461,105,56.85407927289303
490.5732396506163,6,14224,67.16300653653205,566.1318756207031,1.19423098011397,10,1,7.946080710514963,4,12,129,33.596497978810184
343.37776921675527,4,8970,55.22582052422879,339.039833755159,2.5870181927614766,8,10,121.14656478753253,7,390,105,28.395555981260966
448.3771152914973,4,17920,65.46664469991916,245.7921349227243,2.0116675024694226,2,10,153.41389587870293,8,383,23,58.20092433072447
526.1142783083347,8,2625,79.30788366425007,232.48482994646642,2.4287879525779674,7,4,187.75976701515668,9,43,3,41.34690793465283
316.26120711159166,8,11314,62.56534244718181,218.06097434536545,1.85692565149565,3,4,133.9854215047022,6,374,107,45.96182834733096
445.29363781432596,9,8973,63.757586769144766,447.1602980512054,1.1376507889852385,8,7,133.1724124286855,6,398,18,39.661537004668496
450.7115611858865,5,9577,75.12151858965699,406.8407234258817,3.066542877645005,7,10,88.84787655758412,8,18,153,35.35665787008471
488.2912467679663,6,9070,73.22214633594474,318.033845015132,2.7894062043528707,8,9,247.2723923923614,5,62,39,43.21193229125668
342.9395488167781,6,9666,75.5189059983704,191.67280381095418,1.746431219557405,7,9,31.75812356236017,3,238,49,14.208939224772212
336.92712385793214,9,4600,60.69423567927677,694.3818946950408,2.2558233707990385,6,5,148.72161220447512,3,418,170,48.51896156088745
469.5797927244166,7,7783,90.0,436.8561920944305,3.03361558653035,7,10,40.97529323295842,6,336,74,58.45358068339761
453.3828964727894,5,14226,60.273973006662,60.34321203398867,1.8343693313100826,5,1,162.78228366440078,2,418,11,40.29135736613176
450.03548522490314,9,10146,71.23397850987254,222.56159760943095,1.9584923958475589,7,1,37.0385944489787,6,402,26,32.78253850693465
456.94427108378227,5,5971,68.7307560330513,439.7664146113059,2.394906000005899,1,6,179.50525588003666,6,403,112,47.42824246512004
383.03822004634867,5,14490,60.50686786107962,180.0691618150974,1.8327271491563313,1,2,128.96839574596137,8,99,48,48.55495284926267
448.7222661955923,5,18589,67.038324617494,352.73219382388334,2.8856735975896184,9,8,259.57113386069454,7,162,143,39.62140039615814
453.10121807750505,9,13951,70.18646080708696,442.6194450504222,2.06487937575405,5,9,97.51842821827316,8,415,129,71.19294025641115
380.5666979021015,6,13312,64.80021430509224,0.0,1.572771300004821,5,4,153.9972892998036,9,121,59,59.46135308270309
566.3357648024225,6,2990,77.4977889722788,283.79434503161247,2.686911063899196,3,5,57.62749756314322,6,431,29,60.783522423385584
466.1159703056487,5,6299,68.70699403630023,289.6813730347683,1.2862954804549227,5,8,96.96855948469644,3,43,83,29.223739227696814
346.22614820140933,7,13997,59.26980263185371,238.18913164743157,3.811902848899371,3,3,128.45995835554822,10,359,165,55.36183746834942
479.27185982163576,4,14472,58.590995738645624,345.25427024190617,3.465997090864162,9,5,0.0,3,407,27,35.10647114081436
361.8229197436329,9,5380,74.84932072489165,398.6279411243812,2.6107963815368125,9,3,6.590085265218235,1,316,24,24.25402761816885
488.67009146945657,4,5757,58.10583373839731,321.3076416486914,2.543464817455922,6,10,167.9887439868516,5,380,95,45.722523055648814
515.4188816885331,7,11395,72.53140858439266,243.9258908925852,2.505953134255439,1,3,108.31305427746562,4,144,124,67.56362735970698
372.9108730786769,9,17241,73.55724148533567,394.89319496764045,1.8087241712648745,7,3,72.56587735615824,9,326,9,53.806454728253094
501.36308130559115,5,6588,62.03715708860786,307.3580113911535,2.437847716544674,7,7,61.041105566659546,9,362,41,59.428938848526
461.7202267394279,6,18350,77.12590467019912,265.39493802067824,1.4614939116337213,10,7,64.1208963421045,5,49,39,46.097525565196335
491.1883315196033,4,5944,56.257651009906944,103.15809219916213,2.603054734752145,10,7,129.00405720065828,10,64,76,33.861804265182876
568.5690947510842,8,14395,72.37167147198846,65.60178221008825,2.8942775544250363,4,10,155.6028691292952,4,354,104,87.29358160250217
414.3320556477933,8,18072,69.67313653123193,100.31553109288943,1.8975311192133326,8,8,0.0,7,287,117,66.39105544853624
377.73099616626075,7,5243,69.04801619415285,341.7493591830322,1.7239185646762247,6,5,233.02672454159136,6,163,41,35.43257860082558
367.9549610669623,5,10916,60.57682685615542,288.13818785904726,1.2300183802816722,4,5,227.33606103535942,4,140,46,23.581998469197647
373.2616594824884,4,10984,62.503823964800596,77.95738526888053,3.366364186852553,4,4,0.0,10,453,164,58.21667278554305
426.4486769221845,5,2759,82.95041620016478,396.88767386907165,1.787468772926231,2,7,206.8741357058238,2,313,21,25.183651391346153
456.56294218679835,4,10181,79.72124007097403,506.1464269768643,2.0410087711867018,2,10,204.4175081064834,1,127,106,34.20893606816481
451.9217375517614,7,3482,75.93667670819039,210.22595749254964,2.4401244679965806,4,4,120.03563953500361,4,397,26,31.692013469324042
491.55719393059366,7,1951,77.5187848282375,38.852721394743895,2.4257661143119478,5,2,16.226510249209895,4,420,40,50.77229122185557
432.93613621520933,8,3079,76.76810835737015,193.6310422647131,2.797248076544856,8,4,201.2182473332058,1,367,79,34.12867733111402
536.6544535553269,5,3717,67.41315030171033,428.16909401920407,1.8965360641293372,6,8,100.70151469621189,6,462,161,55.461143123885634
412.9447080068672,9,10692,70.38082841451481,382.27947878021615,1.2890656492232697,4,9,163.9103075055165,4,238,159,60.17959938363659
600.0,8,8311,58.21993297567193,161.63509709827815,1.1490677528221473,7,3,297.5361017569423,1,323,88,69.28274729741763
477.04804903908047,5,19449,69.2824349855398,528.1758206647113,1.736595813725723,8,7,140.1469400498895,1,295,65,32.67599188011217
370.28465593802764,8,1768,79.4673139963135,502.2420098889598,1.4385196202603008,2,9,46.64922466251505,1,186,11,45.02077321827121
354.8957401396,9,6490,64.71434201394291,190.04909050850384,1.9571066357537936,7,4,93.14152040642227,8,207,167,39.41540045684439
466.73801389750935,6,16534,78.18512963749781,188.50649955525498,3.2460630486079864,2,10,56.844371180720984,10,219,72,79.5331524386541
415.91067945653873,6,7645,70.7326859095501,211.0758093930766,1.898177435293049,2,3,154.6791773958818,8,399,75,53.89925733287316
483.4080355746307,6,6232,58.91702507464214,223.9000836917181,1.8978793109323548,8,5,55.51459530001563,2,189,89,33.556798702262775
466.0731089692953,6,12485,61.14144389322951,442.5807011892665,2.1868809789953696,2,1,82.17188621202854,7,387,9,55.459117822927276
426.7563182887052,4,6797,77.35442295766204,363.7993590714891,1.8755000070303471,9,3,17.24557004739202,8,428,95,33.7114841557787
371.03085229907487,6,13342,74.42019268206708,431.5618154025881,2.146087011425445,1,8,109.43303955846852,8,345,175,46.17468057366291
322.93099982261776,9,9038,70.81411258390101,401.034771478005,2.6326953779850775,9,8,134.14038346416396,10,283,19,38.85792389471616
399.8509234511745,7,17002,67.80774548601643,557.1790602290598,2.9078008438106515,1,4,0.0,7,351,38,42.77727868121662
493.66071319129,7,14087,71.68454382102868,141.09216842862892,3.002570559791219,10,2,140.76588491841767,5,236,59,39.80827218350673
447.41474957737466,4,5873,77.04236999402599,357.05377955758746,3.8454817765848164,10,8,116.34398151225766,1,193,65,28.898148045706645
342.3068079327369,6,2481,81.80682624389829,0.0,2.655487556937951,2,8,58.80064409950981,9,286,64,40.58087944275315
444.4690266612851,6,11093,82.18947359552484,102.45666388547124,3.9875831210794477,6,10,282.29031394158983,7,258,178,51.40770561589617
459.7428513404763,6,15422,72.97567920606798,288.77199210977295,1.5788145535522857,6,4,196.6781222083804,2,245,123,46.614206734600636
368.36226459351843,8,17438,68.62454647708384,362.73099191318045,3.873027921939668,1,3,32.28780110788789,6,135,163,91.94669489261062
443.068207628078,5,8643,71.16998406255084,284.72763869556456,1.895699156624328,7,2,187.05895036569123,2,279,151,18.873473253602217
436.19102772811203,8,16708,74.17696285804064,214.92113717809826,1.9743848553895718,8,9,219.5598460816846,1,270,154,51.303295322366615
349.7061385561951,5,12271,74.14453555076074,241.58731837604432,2.1041019620617014,2,1,130.56167380940457,7,170,129,54.60619758418021
457.7606899450764,6,18216,80.46389309712085,505.41614646361563,2.025103431073015,8,7,148.91536295578604,2,158,158,61.05809666248913
472.3764858985129,6,13600,86.92604577533324,242.3951733179789,2.2686723173812027,9,5,147.06773335372728,2,200,56,33.95609256613263
509.97968950861997,8,11998,68.3579629630873,562.3862433065291,1.7359775980092487,6,8,0.0,5,44,77,48.61364596110789
507.873747746513,8,15295,87.24707927059569,419.10256103117,2.8639697384570977,5,4,105.05043225196806,5,449,28,77.60724116243138
332.8078055070894,5,11682,79.37791397406716,368.6306019222346,1.7577319723030564,9,7,100.88697264127771,7,263,14,27.04137247031071
364.4765971261112,7,17380,69.19341607851834,120.96046345185066,2.7244883186023134,9,5,234.41245092479025,1,70,11,35.95329496569257
469.0825392390235,5,9519,81.98851871092064,440.285724209944,3.4221788956190116,1,5,146.69822908494984,8,363,100,49.16519335076324
468.99258846567903,8,4300,83.48518641135333,225.93441333772512,1.9143181041538084,3,9,96.19112303066441,3,370,155,64.50176014846535
469.0834334140355,9,7722,66.31763644644923,120.83403629914503,2.835506734383342,9,9,112.7900207207191,4,102,83,54.98345893605746
600.0,8,8218,83.85772201988519,376.9265419619066,2.647327431122548,2,9,201.8708465301921,9,124,124,83.53394766572626
473.10411676990805,9,4054,78.6006625682877,91.80809091501905,4.0,4,6,105.23322694037476,4,312,102,79.03431298266503
513.7607260930031,4,14575,88.94847302383354,185.6637806805627,1.7961355481240402,4,6,64.14435735267128,10,463,23,61.44352588471579
500.6881269715106,8,8970,66.60769134400401,298.48261327966327,2.8360572934446275,2,5,97.94382456633069,5,285,148,68.24376353759479
478.9001700940175,4,3143,67.17258605011203,632.7632136172091,0.8991911265787575,3,9,195.25569150581458,7,457,137,49.01042680112329
409.30061438589513,7,10503,53.78670296205328,196.96263663112686,1.8033132714105498,3,10,159.69319244783492,4,229,109,64.22695925827378
486.6457838755153,5,16149,74.5695513645437,231.2675221049137,2.4827142700775267,1,8,123.5414378679291,1,145,77,67.53499799790498
376.35658455329485,9,19922,73.00201004494974,409.8517581632468,3.314527975271825,6,7,135.3231439555864,9,369,100,80.7326898229986
414.94906031471936,5,13175,65.49605062771467,114.25564674359309,1.2192533080126378,8,7,75.22060211236143,4,196,145,35.463087916270915
397.05382455630456,4,9356,69.34519414809553,366.4209571531373,2.8288725125928886,3,6,104.48404796458772,9,372,141,46.89626884928379
437.89493803581524,9,16070,59.510231918599075,480.88902114248816,2.1494212348136332,5,5,66.93565425803862,6,220,161,69.30129561228941
598.6554168004927,5,1822,79.58755962265349,253.93576729333483,0.98277787728615,1,4,96.41765725602052,1,422,127,45.22171577272198
297.55690613339414,8,18327,66.08240420377352,453.92314220952983,2.3452694767590323,10,3,227.69426109013,3,59,57,25.853772660174563
481.41073370696495,6,15289,90.0,343.71748848177094,3.5673289863825697,7,3,33.770255089824815,2,97,75,63.86787378295787
315.8844572743451,4,7150,68.59518959431173,190.39770542943293,1.3036618720707067,10,6,64.9025866861668,9,170,149,3.2787319742964725
398.02090566316076,5,5425,63.92304927161352,270.329297115524,2.1120498277038533,1,4,19.656090965139853,1,381,35,38.12972311070859
510.4044429816504,4,17032,66.70149505012111,243.0363990029637,1.4106888122883472,9,6,2.327299424992134,9,172,172,61.6888891746738
436.6281613748733,4,3198,58.70431218764599,286.8542613275284,1.8251336544719874,8,3,105.05824686437668,9,150,163,30.097764490831757
354.40237598909,9,4452,73.85817512562353,322.90768488297425,3.345736114819707,7,4,70.59126545593708,8,452,21,38.400552511114775
380.4981329332823,9,10106,66.64080240176702,388.22999024577854,1.982780419606894,10,9,260.9351144633754,8,349,126,35.75668210734682
480.9310379232967,6,14859,79.0500223231819,376.3002374380704,3.3212525900122616,7,5,97.37227630577654,1,389,79,49.81980314266647
379.4136025163662,8,18692,67.80202003860467,0.0,3.0872432383452693,5,7,223.15174907440195,8,439,99,67.55068794943845
447.5850184499022,4,9705,81.07553689348518,285.403771684196,1.9098096692124418,5,10,197.44051799525067,10,121,95,23.039132103793943
435.2811724730746,5,11112,76.05964599453633,73.58671298898562,1.7979204315150141,5,2,103.28366758207888,3,107,160,55.116146133236676
385.0847749723812,7,5841,70.22877421374675,258.64091212990115,1.4832009545483986,1,5,288.8108465668498,7,3,172,58.330013990686126
586.3639744314235,4,16358,82.64186069880657,281.431561828362,1.4552950446452768,8,9,141.48271891718468,1,92,163,53.36714548506354
477.6421696068968,4,2409,77.61834768829767,446.4222537127064,2.4825659156062745,1,3,241.0407412803191,1,406,147,38.05848898931616
286.1897337606523,6,5566,90.0,295.482679934985,2.1841717478280276,4,9,231.7277513265011,10,5,17,26.211253095110028
445.4247106633988,8,12382,66.72435804017437,338.882702751489,1.7011156520566348,9,6,153.17183880838263,5,287,37,44.8843413083089
384.3513745366761,7,18939,70.61292884366769,418.95845709861436,0.960989662301377,9,4,180.09046782446805,5,105,150,48.19746493811728
493.37520010532813,9,15596,82.54967208808743,484.16283897289503,2.28494301425777,5,7,169.92571320955807,8,145,108,67.32756635842097
374.9385068328456,9,1804,57.6516975053191,281.5479114964634,1.8243582567509335,4,8,28.459085488663348,7,270,122,67.66471179760953
423.7389762143833,5,14221,80.5355485058605,314.12691625206133,2.043761843534325,3,6,124.5832283562413,8,423,143,60.2036505101413
468.35908408659293,7,2279,73.51442206145177,301.50349533633806,2.4437294629584656,3,5,205.93977871557283,6,377,148,56.145652044554495
494.33437398024876,9,14192,62.89431395642202,218.61015533533856,0.19855771088970942,5,6,242.09490538893294,6,95,103,58.235927005359144
345.5786586919841,5,8083,59.095682731591026,184.63271648364156,0.9733803170327002,10,5,62.34882625344402,2,456,139,26.289439564524812
407.9159110194517,8,12093,64.62008421495773,0.0,4.0,1,8,162.30650414504157,6,228,143,76.53238308653879
397.8039375964112,5,18771,51.72144342139542,138.50085982135056,1.794711594640306,5,1,132.06961706220275,5,201,80,43.78200705584599
384.96029525469277,9,13880,66.08368445046797,33.20537501852948,0.18605351808197668,6,7,110.57007483347235,3,211,86,52.196526165492905
559.112705300239,6,16517,74.98045066674065,488.2797726679879,1.0400478563869981,7,10,148.4802103380021,6,5,141,51.8096607276579
461.1586831891888,6,3106,66.18959487224937,328.26240124461424,4.0,9,10,137.43979285329098,8,111,60,51.58923766716368
341.21635528787675,6,17086,81.10650161147046,281.109154057975,1.637602031784128,3,2,163.31260550980704,9,375,45,54.2767367373989
498.08606018794393,9,5831,83.2795808218023,192.37722208783774,3.1272121959177257,2,9,235.33734087600416,1,378,31,79.09499478442872
584.7952461849096,6,4186,80.20515586100619,304.46688948519363,2.2968943986697643,3,1,182.73020726917605,3,446,14,37.29203933149942
506.3374987596826,7,3573,71.84512728211492,172.80301835169988,1.8120263700008232,9,10,144.8473007098162,3,322,43,40.58343703510643
322.60536245131107,8,13808,51.40256582010825,326.10278349309056,2.8203563766104742,7,6,269.1700045458463,8,105,144,38.806917826511416
397.1351467536299,5,3599,64.37042006373915,336.860097438203,0.2925146597149695,9,9,208.79436767042688,1,138,168,12.612625923419921
523.2176027414368,5,5033,68.8636917858049,170.79244464648843,1.0470939041147178,2,1,112.60812491173213,5,298,53,39.8273869077036
381.0477984754478,9,9428,62.84905880396151,167.93070527663912,1.8061191902883516,5,4,22.630367811767584,3,400,43,64.03850621612143
463.9549988265284,6,2304,68.88395619610743,444.3299031892676,1.1256764813843134,4,4,40.973545526362756,2,95,97,30.679322576351748
487.77365184691223,6,18685,82.88053974954704,292.07100685630496,1.7353777691968229,2,9,194.65859586525073,8,387,4,73.19838325060812
365.26100604637804,4,19925,56.83378776387745,182.8469356102664,2.8829704365462625,9,5,69.5750016597615,3,446,108,45.506193386184954
427.7141743635504,8,19435,84.49353644895221,244.42405474657218,2.305709377068785,9,5,39.355561831044156,7,451,26,72.81460825666913
240.0,7,9633,77.0778113740331,148.4108869940089,3.2644936284076715,6,6,59.35317386502404,1,336,115,20.89702744522766
358.2440898239311,5,12372,72.14573446622157,289.9224629007125,2.3563002274813956,6,1,65.009255032744,6,296,86,41.88396805052938
413.8150930996925,4,9996,64.29106755407389,424.7442461496703,2.9939686651956214,8,1,188.0518134225801,3,466,103,31.85830979191967
342.15961089853084,4,17458,63.008397236068596,295.8493998608608,2.148743759897202,6,9,107.46063393741791,8,388,122,37.54598425737145
549.5336138830777,9,6475,56.99025828329008,654.5450165513076,1.727779613312174,1,3,10.210031976047546,6,415,78,82.64840011915214
329.0298207868345,5,8184,83.73412384251509,363.20393520735024,3.384454444433511,4,4,122.48359182098854,2,213,42,22.24803091133713
400.3167969578172,9,13875,82.30089248059232,334.49316717633184,1.6325197696511466,7,1,137.78129059585933,6,453,96,49.485954287056686
441.41332156459856,7,2622,58.74972297133374,163.75468035512912,2.47507585849944,2,9,81.65305108473187,7,290,30,50.329089767467075
535.7716768127603,4,16988,65.57897604075039,264.2199829736,2.815117890579579,9,8,212.470806735416,5,21,98,40.45418288549903
328.61792511508037,4,9041,73.46515815385527,183.14792354494617,2.8731941635766853,8,2,86.32488914461723,3,192,16,24.104180577779783
515.7477901551571,8,17725,67.60392689462233,0.0,1.2676458638239845,8,8,208.66701493097202,4,467,82,72.36546931730331
432.7367803934103,7,19458,54.65060194374546,446.13933331932117,3.041560324662613,7,7,167.7426223739981,4,149,109,63.90429269000341
361.33137712454754,4,8992,64.7378179155545,223.28241666746533,1.416835803114184,4,6,194.12844064355255,6,367,31,20.661553298379857
465.2714501469555,7,16646,85.60827438416015,185.93998885000408,2.848562924279995,2,1,32.115932735488414,10,246,167,74.1742998639787
446.3322980812898,5,18029,65.28017127668444,331.5855050937697,2.6281387768392794,3,7,127.86481537904821,1,266,140,69.41728427088523
388.78438484456683,6,5263,68.69226130638235,376.87493283322755,2.8549045294239193,6,10,115.77375963401848,4,460,34,22.678784710201633
437.0257501192814,4,15060,60.838580607716956,251.88377506405817,1.235997183120778,5,7,6.239478007397352,10,250,132,53.170875866849855
404.25742102595325,8,16156,74.70210388226998,299.60974985864726,2.6703437941875134,8,9,208.40485838423274,4,2,28,43.16780149271565
440.1732488580899,5,9646,70.92121439219667,411.92811109716047,3.0684749411265377,6,1,54.60792824741202,10,392,69,40.81048946987447
479.67340856551533,7,12664,64.06384206754417,245.97096080850784,2.3547166265293926,6,2,71.23457369312138,1,315,152,58.58434823380429
546.1932107624654,9,3969,59.562756833540604,345.3500612645001,1.5451066563163387,1,9,38.934733152181934,9,75,94,84.49205456020718
342.87728408446685,5,4028,81.23634699208701,51.113307241627446,2.9357980914623925,4,9,176.09490608562987,4,86,21,29.137212665027572
585.5784029752513,4,4629,57.155652746871354,113.8021502358377,2.291135702480616,5,6,0.0,7,269,172,71.69114138083388
291.4496784343799,7,4067,74.03052556471644,390.83096671206056,0.8604445889378434,3,6,169.42998403716544,3,224,68,14.887114350584682
421.071473157438,6,6941,52.76896604230741,105.96620412490523,1.4830484301466718,9,4,203.56111889947687,10,17,88,31.94208836073361
474.3588388668895,5,18770,75.65769346409905,335.1206320669944,1.7789643750184212,1,4,162.97427421006086,3,112,71,65.75946824650931
452.2314144769224,4,12555,77.76239109808049,277.9501826704391,3.4046546301117253,6,5,177.01027870771432,8,250,128,51.374823878534045
387.16563457291727,8,14081,78.7582696931193,245.32991062196567,3.264146469044972,6,3,180.76371756624343,8,232,171,49.256210140474195
417.0151979742762,9,7819,68.71033225144106,175.73058465484075,3.261574824845341,10,1,44.04605386193887,1,328,86,45.489265205842614
396.503932704564,7,12046,82.67202884450957,436.4010027158063,2.385888222147093,5,1,234.77879837314754,10,278,95,26.61273616104482
389.5657375000168,5,18717,88.46233355996854,559.4836731779752,2.9308758334233596,5,7,83.1938996693201,2,201,74,37.10519357891039
493.17135098551375,5,3711,67.4270149116323,345.0288243900292,1.2873764730512876,10,1,114.68899059280224,8,82,166,42.652365624208194
457.70511498948343,6,5853,66.39195975896058,348.37360735092255,2.2054424787142173,5,1,93.38901453192328,1,124,53,23.88033577461043
382.1105091412329,6,8715,71.19341808275948,197.6504055213759,2.5613061613196773,6,3,159.32336967018475,8,174,87,30.41510336701552
496.771191031194,8,9942,66.17855883284635,120.58541522634302,1.340080754152704,8,10,76.95702054900622,8,68,156,74.29028240483954
454.12556550311587,9,16507,65.00903843191904,294.0391642790738,2.367929671713496,2,4,125.35325793898949,2,46,53,57.327409026113266
490.5260725564051,8,16826,65.70609167806792,153.9375528062886,3.5493113486434757,6,4,21.172494628319612,4,371,15,64.37961303122675
477.33327661850007,4,2762,83.72604806404996,34.10848075262672,2.6470158276485014,1,2,213.17321668012573,6,255,98,47.59372744824064
372.3123592136108,4,16850,76.17505596028346,420.51687185483735,2.9340361653312965,4,1,173.65927567601628,9,214,19,24.83562799674176
391.6669651058182,8,13112,66.15243098193527,427.82501823777494,0.23807446125419007,10,3,96.61921904785844,8,29,45,27.817978951330442
485.8051395688749,9,13652,50.35899979422172,171.17418405703586,3.4463750793223396,3,4,82.46807759793518,8,280,126,96.08340057880649
475.9466591112095,8,7122,57.64428405114826,336.5946481918867,2.0511021217982646,9,3,171.57025970541574,7,411,57,47.773927036184375
430.4950852345813,9,1481,74.02743266081502,450.292840168765,1.5850509487439663,3,8,63.416529549123055,9,236,110,59.57968854619631
440.44757159823234,9,15536,53.02755246888946,330.75400305928184,2.060289718552056,6,10,130.02922526121353,2,247,128,68.92239047399902
523.9918724967666,7,1153,72.34394821961564,121.02680308518998,1.011982273375282,1,1,212.91190299451247,3,367,80,56.432908296131856
389.40686000382027,9,8617,61.47549020107979,265.0659880144352,3.038353649401714,6,2,55.09943046902461,10,24,156,59.73878283177003
471.39101144424274,6,2524,70.7344461966454,499.02141300629864,1.9316834217809657,4,7,149.48806632961623,8,73,83,41.83395356360208
417.44212902475965,9,3120,70.51085041067314,337.05399654076695,1.6090953503791448,8,4,145.25802135483937,6,205,69,32.24180923824282
416.32695336764016,9,16048,70.96471947112569,380.8698154774208,2.065555947449308,9,8,112.21305450698537,10,313,7,51.549833619983445
511.1119333430777,9,3343,66.84462522337184,351.2443829053671,3.094412523660913,4,3,79.69683327168507,9,93,28,50.869591441797844
491.4299771271381,4,6136,66.58171499513814,171.673296303262,2.305166720624977,10,6,217.1837645515508,10,374,111,34.09972396325361
490.572693792046,6,2240,64.23367664850849,206.87321710760358,1.0722449843732265,10,9,72.1945091386427,4,126,178,33.623685226371975
525.9944741151118,6,1060,73.87113853793512,350.82977355776137,2.571984663792866,6,1,0.0,8,424,160,42.60617896781127
433.5122765975587,8,10130,76.44154139824758,422.53076700306116,1.4568160365419,1,1,171.2426873304827,10,24,130,61.94003221449571
481.1006139332374,7,19023,60.24821981971099,464.9857426376824,0.4751191749001469,4,8,23.895732018573284,3,333,162,76.34394312629989
409.6607935252712,9,13312,69.58697222166184,171.28416828477097,3.396805770173743,7,3,175.35049158840698,3,354,107,65.09900454736255
455.3399773791678,5,14350,71.5726565879019,364.9680802015791,2.5657838998621516,1,5,226.79225982747553,8,115,108,54.038012099360245
422.6297000855267,7,13418,71.47016907698433,478.0566167578464,2.1373834689572684,8,1,170.37999027189394,5,47,19,30.300240824474606
438.9837094794757,7,2252,71.33415695677215,151.93773445679665,1.9235123882426413,10,5,205.7129041509993,3,225,72,28.93221530418258
474.8513058314578,6,9363,66.7837215172382,523.0120703699662,3.317663600586653,6,6,281.6039285543718,10,265,166,55.61335887752906
373.08811080719,7,10650,72.23224340370031,545.8411241016286,4.0,5,8,197.34083700871574,1,98,3,22.782000672080713
582.6518838493531,9,19706,74.94422968786895,693.762950943249,2.5590244148532135,10,3,146.44587141003487,3,458,18,58.838741497683124
359.56674853202145,9,17314,71.12829324658051,334.6400161244992,1.3762922541376992,9,3,250.71585468189184,9,10,101,46.40487657428798
344.5784198792833,4,5090,74.04751869226979,335.4637014393673,2.0764275849056193,2,10,260.3820435877268,5,84,172,32.030594826618746
515.3839828920048,9,7960,77.92282728830006,424.04915836759767,2.5444581376752398,5,9,261.5017426607536,10,404,170,59.01941579596435
488.9997139653314,9,4004,55.19247713683786,419.6704009574125,0.3203773544065076,6,4,80.6285187843198,2,213,140,54.67755827939612
476.93662682775516,6,17713,77.54771073492294,468.9550291493408,2.4675993614224945,7,4,11.678531320127675,7,172,140,74.05982853103633
477.2408766670282,9,4640,72.7394221217702,417.60497706976554,2.549140103594463,5,7,75.74462532520906,2,390,85,53.88507490545656
431.11823235502214,4,2341,61.106997378090185,284.0907136442942,3.2610737583897764,9,2,176.291329263454,4,208,51,5.344488420027043
367.39768525302014,5,12855,76.41976705855751,483.2995681460253,3.177698641898443,1,8,132.73271562656845,7,447,110,55.270848900716786
437.4579281899483,6,1338,66.8134327518083,139.31187754609115,2.288937728231629,7,6,103.48152118585223,4,381,108,40.43872154451791
383.24435677112797,5,6895,67.90426850945158,300.87785050880643,3.4117095252642873,10,3,164.83851190439484,7,63,85,26.341572009837027
502.2086208060781,6,13254,65.93856174027471,534.5603424074699,3.828542655231005,7,9,2.3355934661386186,7,257,42,44.6364761549537
421.41186853184604,8,12344,72.4191907539058,112.4630252819521,2.222361164195568,4,5,131.2935438953233,1,331,41,61.369404623143765
372.56420183093917,7,2750,63.71717485990357,198.37865145042554,2.5345496627741992,9,8,209.47661158783015,6,120,89,32.12461020890981
408.8602194009845,8,3421,77.2117970395823,400.76209366159367,0.7861621175115392,5,7,163.9452515646583,9,297,114,43.14752289597391
461.731064707845,9,8119,68.88909930244263,359.08679598542284,1.0392213900471297,4,8,175.34478574669828,2,465,25,57.61451700055205
391.4118321981138,5,6319,67.0863801320965,168.74618885156326,1.529442948792385,7,7,247.78982319620118,3,53,150,35.958700133106284
372.80013151921696,9,16896,76.02300542091176,237.57089959047892,1.8451053563863575,4,3,114.70853721010664,10,330,42,69.85700979361827
449.5454792274177,7,12918,67.44354590144735,122.88269060244913,1.3231015802095454,3,2,67.7526670919731,5,271,76,52.24897420552138
449.63759311982807,6,14849,77.58541460289841,447.07274992808584,2.1712036704182065,9,7,215.16120341320337,9,240,155,52.60746963291575
395.5000913732787,7,5873,77.83674360672693,261.61779634942025,1.8690326658603054,8,3,213.68965048271417,4,242,136,30.0909089296082
398.0852419954807,4,5806,59.321569294248185,568.8233866140949,3.0567161850716924,1,3,164.66333398046373,1,17,19,19.891059291864444
448.7075954897498,7,9592,78.87408161778339,312.16503660600324,1.8201810836130337,7,2,107.17031995340415,4,186,38,35.21170376923155
327.7379274121927,4,13182,58.30371222798492,267.0389544895685,0.37062564142760457,9,4,120.11037208063881,6,345,178,25.39332805700825
330.662608244888,7,17774,79.37264421506009,252.47673580623032,2.300600938028336,8,8,17.858163829513074,5,143,11,46.32391795034366
380.27201606982464,4,13045,86.22685753784191,263.37002472113574,2.1886415804709287,8,1,209.03572241657622,1,261,10,6.941562084626242
416.631805076747,5,5430,76.99867550615305,316.62316427007045,1.5103600948764053,6,1,206.21210476233148,4,440,153,20.240566732328336
454.38534472305633,9,9820,52.744154842402615,676.8611364867478,2.27599990679763,4,5,15.065379962657289,6,363,41,56.77930995474547
538.2256476203677,9,5232,78.50852575508814,249.17104948509606,1.3397883294189321,8,5,189.4105667124909,10,430,154,66.8003449631932
493.75149287054546,8,12122,87.9690317274881,254.0469808843036,2.4638719628986743,3,1,152.32813240072068,10,238,10,69.48786958129148
420.48442584263324,9,16023,67.57574687201577,309.8390768524768,4.0,9,6,38.2420711687363,4,303,37,61.66683008645691
430.63083303100643,6,9007,69.72237343976087,463.54117595163905,0.7555156216745871,2,1,23.51998391420244,9,297,97,42.30657831538821
359.81788574607776,7,18905,60.49210622458854,86.85231583908313,1.787006330392672,2,5,149.8794615521378,5,75,170,90.1429108632391
430.66705420854794,8,10018,72.49663535055736,368.2639105364468,1.6587959028406916,7,9,88.18367088744657,8,187,18,47.908788563183755
411.21657799775005,6,2500,80.15341746034503,177.38622359682572,1.8533920932099652,10,5,265.5959080439736,9,332,133,35.22515969980652
455.23573634434246,6,7737,75.58189702519563,382.99090334264235,3.0159396636775795,4,6,196.2078715719125,10,387,173,57.32905192803896
372.4393720642327,4,4294,90.0,225.93600864593157,2.63426124745522,10,8,157.8954509385782,5,245,115,15.81326796587825
469.39294902536443,9,19803,70.26421634372637,0.0,2.8790132020851393,8,1,161.84632032019155,6,129,112,78.87284438061903
542.3572017361856,5,5497,56.954613060677886,355.4366404031228,2.2243964038028787,9,2,226.4693744293734,1,473,169,48.41583386957024
424.1692693111063,5,18850,71.36776777254575,354.1717155520303,1.142320544044114,7,9,187.72144733818703,7,314,64,52.0969320886344
460.9232439911238,8,1614,50.668385878300086,213.13795372808553,1.3082517109920164,5,3,159.9813150796818,4,410,98,57.25318392174913
481.69036740320007,5,10374,65.73516860108388,204.24842097854963,2.797007765973274,8,6,41.579105896199195,2,282,71,39.301179087274804
